StartDate,EndDate,Status,Progress,Duration,Finished,RecordedDate,ResponseId,Latitude,Longitude,DistributionChannel,UserLanguage,Premissions,Mood_Pre,Hrs_music_week,Hrs_music_today,First_time?,Fave_Platform,Fave_Platform_txt,Fave_Genre,Fave_Genre_Text,HVQV1,HVT1_Click Count,HVQV2,HVT2_Click Count,HVQV3,HVT3_Click Count,HVQV4,HVT4_Click Count,HVQV5,HVT5_Click Count,HVQV6,HVT6_Click Count,HVQV7,HVT7_Click Count,HVQV8,HVT8_Click Count,HVQV9,HVT9_Click Count,HVQV10,HVT10_Click Count,LVQV1,LVT1_Click Count,LVQV2,LVT2_Click Count,LVQV3,LVT3_Click Count,LVQV4,LVT4_Click Count,LVQV5,LVT5_Click Count,LVQV6,LVT6_Click Count,LVQV7,LVT7_Click Count,LVQV8,LVT8_Click Count,LVQV9,LVT9_Click Count,LVQV10,LVT10_Click Count,Mood_Post,Fave_Song_Played,Least_Fave_Song,Num_Heard_Before,Mode_of_Listening,Mode_of_Listening_TXT,Normally_Listen_to?,What_were_u_doing,HV1,HV2,HV3,HV4,HV5,HV6,HV7,HV8,HV9,HV10,LV1,LV2,LV3,LV4,LV5,LV6,LV7,LV8,LV9,LV10,HVTotal,LVTotal,delta_mood,3_songs,3_valences,valences_mean,genres_listened_to,Fave_Genre_All,fave_genre_cleaned,did_hear_fave_genre?,Acousticness_3songs,acousticness_mean,Danceability_3songs,danceability_mean,Energy_3songs,energy_mean,heard_one_or_more_before,heard_two_or_more_before
3/10/2022 9:27,3/10/2022 9:28,IP Address,100,118,TRUE,3/10/2022 9:28,R_9SvttA2kGYUIgFz,44.67070007,-93.25879669,anonymous,EN,0,4,5,1,Yes,"Internet Radio (ex.SiriusXM, Pandora)",0,Other,Celtic,0,0,0,0,0,0,0,0,0,0,0,0,0,0,0,0,0,0,0,0,0,0,0,0,0,0,0,0,0,0,0,0,0,0,0,0,0,0,0,0,3,Song 3,Song 2,0,Speakers,0,No,Working,0,0,0,0,0,0,0,0,0,0,1,0,0,0,0,0,0,1,1,0,0,1,-1,"['LV1', 'LV8', 'LV9']","[0.241, 0.0399, 0.0978]",0.126233333,"['melodic', 'dance', 'urban', 'trap', 'r&b', 'hip', 'contemporary', 'rap', 'post-teen', 'pop', 'hop', 'vapor']",Celtic,['celtic'],0,"[0.00311, 0.114, 0.556]",0.22437,"[0.379, 0.638, 0.488]",0.501666667,"[0.608, 0.6, 0.343]",0.517,0,0
3/10/2022 9:37,3/10/2022 9:39,IP Address,100,108,TRUE,3/10/2022 9:39,R_1nVLPhM7qArfPfp,36.15789795,-86.8608017,anonymous,EN,0,5,15,2,Yes,Spotify,0,Rap / Hip Hop,0,0,0,0,0,0,0,0,0,0,0,0,0,0,0,0,0,0,0,0,0,0,0,0,0,0,0,0,0,0,0,0,0,0,0,0,0,0,0,0,0,5,Song 2,Song 3,3,Speakers,0,Yes,Stretching,0,0,0,0,0,0,0,0,0,0,0,0,1,1,1,0,0,0,0,0,0,1,0,"['LV3', 'LV4', 'LV5']","[0.192, 0.0499, 0.0797]",0.1072,"['alternative', 'worship', 'punk', 'ccm', 'music', 'rock', 'pop', 'emo', 'modern', 'christian']",Rap / Hip Hop,"['rap', 'hip', 'hop']",0,"[0.0286, 0.216, 0.682]",0.308866667,"[0.202, 0.75, 0.494]",0.482,"[0.886, 0.404, 0.632]",0.640666667,1,1
3/13/2022 13:41,3/13/2022 17:02,IP Address,100,12050,TRUE,3/13/2022 17:02,R_3nu3pgXnrvvwES1,26.25190735,-81.76360321,anonymous,EN,0,4,0,0,Yes,Other,radio,Rock,0,0,0,0,0,0,0,0,0,0,0,0,0,0,0,0,0,0,0,0,0,0,0,0,0,0,0,0,0,0,0,0,0,0,0,0,0,0,0,0,0,3,Song 2,Song 1,1,Computer,0,No,Looking at the computer screen,0,0,0,0,0,0,0,0,0,0,0,1,0,0,0,1,0,0,0,1,0,1,-1,"['LV2', 'LV6', 'LV10']","[0.0365, 0.296, 0.0445]",0.125666667,"['alternative', 'metal', 'grunge', 'permanent', 'rock', 'wave', 'post-teen', 'pop', 'glee', 'hollywood', 'club']",Rock,['rock'],1,"[0.31, 0.00721, 0.0362]",0.117803333,"[0.255, 0.331, 0.241]",0.275666667,"[0.358, 0.943, 0.508]",0.603,1,0
3/13/2022 13:36,3/13/2022 13:47,IP Address,87,671,TRUE,3/20/2022 13:47,R_2UeZ0pW6z3GE7N1,0,0,anonymous,EN,0,3,30,8,Yes,Apple Music,0,Rap / Hip Hop,0,0,0,0,0,0,0,0,0,0,0,0,0,0,0,0,0,0,0,0,0,0,0,0,0,0,0,0,0,0,0,0,0,0,0,0,0,0,0,0,0,0,0,0,0,0,0,0,0,0,1,0,1,1,0,0,0,0,0,0,0,0,0,0,0,0,0,0,0,1,0,-3,"['HV2', 'HV4', 'HV5']","[0.97, 0.972, 0.972]",0.971333333,"['alternative', 'metal', 'dance', 'group', 'urban', 'punk', 'funk', 'girl', 'hip', 'rock', 'rap', 'contemporary', 'post-teen', 'pop', 'r&b', 'comic', 'nu']",Rap / Hip Hop,"['rap', 'hip', 'hop']",1,"[0.00397, 0.0496, 0.056]",0.036523333,"[0.831, 0.867, 0.77]",0.822666667,"[0.735, 0.854, 0.779]",0.789333333,0,0
3/20/2022 15:58,3/20/2022 16:00,IP Address,100,168,TRUE,3/20/2022 16:00,R_3jUNu25oq8fBNWv,42.39019775,-122.9177017,anonymous,EN,0,4,3,0,Yes,Other,YouTube,Other,Whatever I’m in the mood for,0,0,0,0,0,0,0,0,0,0,0,0,0,0,0,0,0,0,0,0,0,0,0,0,0,0,0,0,0,0,0,0,0,0,0,0,0,0,0,0,3,Song 1,Song 2,0,Computer,0,No,Watching TV,0,0,0,0,0,0,0,0,0,0,0,0,1,0,0,0,1,1,0,0,0,1,-1,"['LV3', 'LV7', 'LV8']","[0.192, 0.0406, 0.0399]",0.090833333,"['melodic', 'dance', 'urban', 'southern', 'trap', 'punk', 'r&b', 'hip', 'rock', 'contemporary', 'rap', 'pop', 'hop', 'emo', 'vapor', 'modern']",Whatever I’m in the mood for,"['whatever', 'i', 'm', 'in', 'the', 'mood', 'for']",0,"[0.0286, 0.014, 0.114]",0.0522,"[0.202, 0.723, 0.638]",0.521,"[0.886, 0.322, 0.6]",0.602666667,0,0
3/21/2022 15:38,3/21/2022 15:41,IP Address,100,152,TRUE,3/21/2022 15:41,R_1ln3lDurgtsl595,44.67070007,-93.25879669,anonymous,EN,0,5,3,3,Yes,Spotify,0,Rap / Hip Hop,0,0,0,0,0,0,0,0,0,0,0,0,0,0,0,0,0,0,0,0,0,0,0,0,0,0,0,0,0,0,1,0,0,0,0,0,0,0,0,0,0,3,Song 2,Song 3,1,Computer,0,No,Nothing,0,0,0,0,0,0,0,0,0,0,0,0,0,0,1,0,1,0,0,1,0,1,-2,"['LV5', 'LV7', 'LV10']","[0.0797, 0.0406, 0.0445]",0.054933333,"['alternative', 'grunge', 'worship', 'dance', 'urban', 'southern', 'trap', 'ccm', 'r&b', 'permanent', 'hip', 'rock', 'contemporary', 'wave', 'pop', 'hop', 'music', 'christian']",Rap / Hip Hop,"['rap', 'hip', 'hop']",0,"[0.682, 0.014, 0.0362]",0.244066667,"[0.494, 0.723, 0.241]",0.486,"[0.632, 0.322, 0.508]",0.487333333,1,0
3/21/2022 16:47,3/21/2022 16:49,IP Address,100,96,TRUE,3/21/2022 16:49,R_2eOHRX6Zew98kXj,38.91720581,-77.07089996,anonymous,EN,0,4,14,2,Yes,Spotify,0,Rap / Hip Hop,0,0,0,0,0,0,0,0,0,0,0,0,0,0,0,0,0,0,0,0,0,0,0,0,0,0,0,0,0,0,0,0,0,0,0,0,0,0,0,0,0,4,Song 2,Song 1,1,Speakers,0,Yes,nothing,0,0,0,0,0,0,0,1,1,1,0,0,0,0,0,0,0,0,0,0,1,0,0,"['HV8', 'HV9', 'HV10']","[0.967, 0.894, 0.967]",0.942666667,"['alternative', 'melodic', 'slap', 'trap', 'latin', 'mellow', 'neo', 'house', 'rock', 'rap', 'pop', 'post-grunge']",Rap / Hip Hop,"['rap', 'hip', 'hop']",1,"[0.125, 0.0149, 0.0814]",0.073766667,"[0.858, 0.785, 0.728]",0.790333333,"[0.947, 0.721, 0.94]",0.869333333,1,0
3/21/2022 16:47,3/21/2022 16:49,IP Address,100,120,TRUE,3/21/2022 16:49,R_3QSFgcGMJtYseoq,38.88420105,-76.99410248,anonymous,EN,0,3,10,0,Yes,Apple Music,0,Rap / Hip Hop,0,0,0,0,0,0,0,0,0,0,0,0,0,0,0,0,0,0,0,0,0,0,0,0,0,0,0,0,0,0,0,0,0,0,0,0,0,0,0,0,0,3,Song 3,Song 1,2,Other,Phone,No,Sitting,0,0,0,0,0,0,0,0,0,0,1,0,0,1,0,0,0,0,1,0,0,1,0,"['LV1', 'LV4', 'LV9']","[0.241, 0.0499, 0.0978]",0.129566667,"['dance', 'urban', 'r&b', 'contemporary', 'post-teen', 'pop']",Rap / Hip Hop,"['rap', 'hip', 'hop']",0,"[0.00311, 0.216, 0.556]",0.25837,"[0.379, 0.75, 0.488]",0.539,"[0.608, 0.404, 0.343]",0.451666667,1,1
3/21/2022 16:50,3/21/2022 16:51,IP Address,100,79,TRUE,3/21/2022 16:51,R_5uRJw9PlE0xAUBH,40.75889587,-73.99130249,anonymous,EN,0,4,1,0,Yes,Spotify,0,Other,Pop,0,0,0,0,0,0,0,0,0,0,0,0,0,0,0,0,0,0,0,0,0,0,0,0,0,0,0,0,0,0,0,0,0,0,0,0,0,0,0,0,4,Song 3,Song 2,0,Speakers,0,No,Sitting on the couch ,0,0,0,0,0,0,0,0,0,0,0,0,1,0,0,0,1,0,0,1,0,1,0,"['LV3', 'LV7', 'LV10']","[0.192, 0.0406, 0.0445]",0.092366667,"['grunge', 'dance', 'urban', 'southern', 'trap', 'punk', 'r&b', 'permanent', 'hip', 'rock', 'contemporary', 'wave', 'pop', 'hop', 'emo', 'modern']",Pop,['pop'],1,"[0.0286, 0.014, 0.0362]",0.026266667,"[0.202, 0.723, 0.241]",0.388666667,"[0.886, 0.322, 0.508]",0.572,0,0
3/21/2022 16:49,3/21/2022 16:53,IP Address,100,233,TRUE,3/21/2022 16:53,R_3qIQPgTc7c4BkK8,40.70089722,-73.94609833,anonymous,EN,0,4,10,1,Yes,Apple Music,0,Other,Pop / indie / alt ,0,0,0,0,0,0,0,0,0,0,0,0,0,0,0,0,0,0,0,0,0,0,0,0,0,0,0,1,0,0,0,0,0,0,0,0,0,0,0,0,4,Song 1,Song 2,1,Headphones,0,No,Sitting with friends ,0,0,0,0,0,0,0,0,0,0,0,0,0,1,1,1,0,0,0,0,0,1,0,"['LV4', 'LV5', 'LV6']","[0.0499, 0.0797, 0.296]",0.141866667,"['alternative', 'metal', 'worship', 'ccm', 'rock', 'pop', 'music', 'christian']",Pop / indie / alt ,"['pop', 'indie', 'alt']",1,"[0.216, 0.682, 0.00721]",0.301736667,"[0.75, 0.494, 0.331]",0.525,"[0.404, 0.632, 0.943]",0.659666667,1,0
3/21/2022 16:52,3/21/2022 16:55,IP Address,100,188,TRUE,3/21/2022 16:55,R_3Ecm8hnvZxH4Cdn,32.06660461,34.76519775,anonymous,EN,0,5,7,4,Yes,Spotify,0,Rap / Hip Hop,0,0,0,0,0,0,0,0,0,0,0,0,0,0,0,0,0,0,0,0,0,0,0,0,0,0,0,0,0,0,0,0,0,0,0,0,0,0,0,0,0,5,Song 1,Song 2,2,Speakers,0,No,"Working, working out, driving",0,0,0,0,0,0,0,0,0,0,0,1,0,0,0,0,0,1,1,0,0,1,0,"['LV2', 'LV8', 'LV9']","[0.0365, 0.0399, 0.0978]",0.058066667,"['melodic', 'dance', 'trap', 'r&b', 'hip', 'rap', 'post-teen', 'pop', 'hop', 'vapor', 'glee', 'hollywood', 'club']",Rap / Hip Hop,"['rap', 'hip', 'hop']",1,"[0.31, 0.114, 0.556]",0.326666667,"[0.255, 0.638, 0.488]",0.460333333,"[0.358, 0.6, 0.343]",0.433666667,1,1
3/21/2022 17:03,3/21/2022 17:06,IP Address,100,180,TRUE,3/21/2022 17:06,R_vB6odW7vxiRzdex,38.90910339,-77.02030182,anonymous,EN,0,5,14,1,Yes,Spotify,0,R & B,0,0,0,0,0,0,0,0,0,0,0,0,0,0,0,0,0,0,0,0,0,0,0,0,0,0,0,0,0,0,0,0,0,0,0,0,0,0,0,0,0,5,Song 1,Song 3,2,Speakers,0,No,Eating dinner,0,0,0,0,0,0,0,0,0,0,0,0,0,1,0,1,0,0,0,1,0,1,0,"['LV4', 'LV6', 'LV10']","[0.0499, 0.296, 0.0445]",0.130133333,"['alternative', 'metal', 'grunge', 'permanent', 'rock', 'wave', 'pop']",R & B,r&b,0,"[0.216, 0.00721, 0.0362]",0.08647,"[0.75, 0.331, 0.241]",0.440666667,"[0.404, 0.943, 0.508]",0.618333333,1,1
3/21/2022 17:04,3/21/2022 17:07,IP Address,100,213,TRUE,3/21/2022 17:07,R_20rVYDiOU9lJUfD,47.63000488,-122.2971954,anonymous,EN,0,4,10,1,Yes,Spotify,0,Other,Pop,0,0,0,0,0,0,0,0,0,0,0,0,0,0,0,0,0,0,0,0,0,0,0,0,0,0,0,0,0,0,0,0,0,0,0,0,0,0,0,0,4,Song 3,Song 2,2,Other,Speakers and headphones ,No,Talking ,0,0,1,0,1,1,0,0,0,0,0,0,0,0,0,0,0,0,0,0,1,0,0,"['HV3', 'HV5', 'HV6']","[0.961, 0.972, 0.976]",0.969666667,"['dance', 'urban', 'viral', 'r&b', 'hip', 'contemporary', 'post-teen', 'pop']",Pop,['pop'],1,"[0.00887, 0.056, 0.00266]",0.02251,"[0.852, 0.77, 0.712]",0.778,"[0.896, 0.779, 0.922]",0.865666667,1,1
3/21/2022 17:07,3/21/2022 17:11,IP Address,100,230,TRUE,3/21/2022 17:11,R_2ZHPbqBxgTGIlpu,38.93919373,-77.05840302,anonymous,EN,0,4,2,0,Yes,Apple Music,0,Other,80s,0,0,0,0,0,0,0,0,0,0,0,0,0,0,0,0,0,0,0,0,0,0,0,0,0,0,0,0,0,0,0,0,0,0,0,0,0,0,0,0,4,Song 1,Song 3,1,Speakers,0,No,Nothing else,0,0,0,0,0,0,0,0,0,0,0,0,0,0,1,0,1,1,0,0,0,1,0,"['LV5', 'LV7', 'LV8']","[0.0797, 0.0406, 0.0399]",0.0534,"['alternative', 'melodic', 'worship', 'dance', 'urban', 'southern', 'trap', 'ccm', 'r&b', 'hip', 'rock', 'contemporary', 'rap', 'pop', 'hop', 'vapor', 'music', 'christian']",80s,['80s'],0,"[0.682, 0.014, 0.114]",0.27,"[0.494, 0.723, 0.638]",0.618333333,"[0.632, 0.322, 0.6]",0.518,1,0
3/21/2022 17:09,3/21/2022 17:11,IP Address,100,122,TRUE,3/21/2022 17:11,R_26kw5yA4UweDyAl,31.92860413,34.80700684,anonymous,EN,0,4,6,2,Yes,Apple Music,0,Rap / Hip Hop,0,0,0,0,0,0,0,0,0,0,0,0,0,0,0,0,0,0,0,0,0,0,0,0,0,0,0,0,0,0,0,0,0,0,0,0,0,0,0,0,0,4,Song 1,Song 2,1,Speakers,0,No,Watching TV,0,0,0,0,0,1,1,1,0,0,0,0,0,0,0,0,0,0,0,0,1,0,0,"['HV6', 'HV7', 'HV8']","[0.976, 0.965, 0.967]",0.969333333,"['dance', 'tropical', 'uk', 'viral', 'latin', 'mellow', 'neo', 'house', 'rock', 'post-teen', 'pop', 'talent', 'show']",Rap / Hip Hop,"['rap', 'hip', 'hop']",0,"[0.00266, 0.015, 0.125]",0.047553333,"[0.712, 0.762, 0.858]",0.777333333,"[0.922, 0.863, 0.947]",0.910666667,1,0
3/21/2022 17:09,3/21/2022 17:11,IP Address,100,139,TRUE,3/21/2022 17:11,R_2ZEwxrSdz6i8f1z,38.84230042,-77.05930328,anonymous,EN,0,4,9,1,Yes,Apple Music,0,Rock,0,0,0,0,0,0,0,0,0,0,0,0,0,0,0,0,0,0,0,0,0,0,0,0,0,0,0,0,0,0,0,0,0,0,0,0,0,0,0,0,0,4,Song 1,Song 3,3,Other,All of the above ,Yes,Talking to Kara ,1,0,0,0,0,0,0,0,1,1,0,0,0,0,0,0,0,0,0,0,1,0,0,"['HV1', 'HV9', 'HV10']","[0.837, 0.894, 0.967]",0.899333333,"['alternative', 'melodic', 'toronto', 'slap', 'trap', 'canadian', 'mellow', 'neo', 'hip', 'house', 'rap', 'rock', 'pop', 'hop', 'post-grunge']",Rock,['rock'],1,"[0.321, 0.0149, 0.0814]",0.1391,"[0.834, 0.785, 0.728]",0.782333333,"[0.454, 0.721, 0.94]",0.705,1,1
3/21/2022 17:13,3/21/2022 17:14,IP Address,100,63,TRUE,3/21/2022 17:14,R_1jHUxHAvpZ7JdVS,40.72520447,-73.94400024,anonymous,EN,0,4,3,1,Yes,Apple Music,0,Other,Israeli,0,0,0,0,0,0,0,0,0,0,0,0,0,0,0,0,0,0,0,0,0,0,0,0,0,0,0,0,0,0,0,0,0,0,0,0,0,0,0,0,4,Song 1,Song 2,3,Speakers,0,No,Waiting for elevator,0,0,0,0,0,0,0,0,0,0,1,0,1,0,0,0,0,0,1,0,0,1,0,"['LV1', 'LV3', 'LV9']","[0.241, 0.192, 0.0978]",0.176933333,"['dance', 'urban', 'punk', 'r&b', 'contemporary', 'rock', 'post-teen', 'pop', 'emo', 'modern']",Israeli,['israeli'],0,"[0.00311, 0.0286, 0.556]",0.195903333,"[0.379, 0.202, 0.488]",0.356333333,"[0.608, 0.886, 0.343]",0.612333333,1,1
3/21/2022 17:40,3/21/2022 17:42,IP Address,100,145,TRUE,3/21/2022 17:42,R_PXHQoySemCKv2YV,38.84230042,-77.05930328,anonymous,EN,0,3,5,0,Yes,Spotify,0,Rap / Hip Hop,0,0,0,0,0,0,0,0,0,0,0,0,0,0,0,0,1,0,0,0,0,0,0,0,0,0,0,0,0,0,0,0,0,0,0,0,0,0,0,0,0,3,Song 1,Song 3,1,Headphones,0,No,Grocery shoppin,0,1,0,1,0,0,0,1,0,0,0,0,0,0,0,0,0,0,0,0,1,0,0,"['HV2', 'HV4', 'HV8']","[0.97, 0.972, 0.967]",0.969666667,"['alternative', 'metal', 'dance', 'group', 'urban', 'punk', 'latin', 'funk', 'girl', 'hip', 'rock', 'rap', 'contemporary', 'post-teen', 'pop', 'comic', 'nu']",Rap / Hip Hop,"['rap', 'hip', 'hop']",1,"[0.00397, 0.0496, 0.125]",0.059523333,"[0.831, 0.867, 0.858]",0.852,"[0.735, 0.854, 0.947]",0.845333333,1,0
3/21/2022 18:06,3/21/2022 18:09,IP Address,100,163,TRUE,3/21/2022 18:09,R_6Al9rTC7qTRbosN,33.9992981,-118.2868042,anonymous,EN,0,4,3,1,Yes,Spotify,0,Other,Pop,0,0,0,0,0,0,0,0,0,0,0,0,0,0,0,0,0,0,0,0,0,0,0,0,0,0,0,0,0,1,0,0,0,0,0,0,0,0,0,0,3,Song 3,Song 1,0,Speakers,0,No,Drinking coffee,0,0,0,0,0,0,0,0,0,0,0,1,0,0,1,0,1,0,0,0,0,1,-1,"['LV2', 'LV5', 'LV7']","[0.0365, 0.0797, 0.0406]",0.052266667,"['alternative', 'ccm', 'r&b', 'hip', 'contemporary', 'pop', 'glee', 'music', 'hollywood', 'christian', 'worship', 'dance', 'trap', 'rock', 'post-teen', 'urban', 'southern', 'hop', 'club']",Pop,['pop'],1,"[0.31, 0.682, 0.014]",0.335333333,"[0.255, 0.494, 0.723]",0.490666667,"[0.358, 0.632, 0.322]",0.437333333,0,0
3/21/2022 18:33,3/21/2022 18:36,IP Address,100,174,TRUE,3/21/2022 18:36,R_3I3T2BfkDnFWfCD,40.7098999,-73.95909882,anonymous,EN,0,4,15,2,Yes,Spotify,0,Rock,0,0,0,0,0,0,0,0,0,0,0,0,0,0,0,0,0,0,0,0,0,0,0,0,0,0,0,0,0,0,0,0,0,0,0,0,0,0,0,0,0,3,Song 1,Song 3,2,Speakers,0,No,Sitting down ,0,0,0,0,0,0,0,0,0,0,0,1,1,0,0,1,0,0,0,0,0,1,-1,"['LV2', 'LV3', 'LV6']","[0.0365, 0.192, 0.296]",0.174833333,"['alternative', 'metal', 'modern', 'punk', 'rock', 'post-teen', 'pop', 'emo', 'glee', 'hollywood', 'club']",Rock,['rock'],1,"[0.31, 0.0286, 0.00721]",0.11527,"[0.255, 0.202, 0.331]",0.262666667,"[0.358, 0.886, 0.943]",0.729,1,1
3/21/2022 18:36,3/21/2022 18:47,IP Address,100,610,TRUE,3/21/2022 18:47,R_3dY8driEeh3kBml,40.78100586,-73.95010376,anonymous,EN,0,4,15,3,Yes,Spotify,0,Rap / Hip Hop,0,0,0,0,0,0,0,0,0,0,0,0,0,0,0,0,0,0,0,0,0,0,0,0,0,0,0,0,0,0,0,0,0,0,0,0,0,0,0,0,3,3,Song 1,Song 2,1,Speakers,0,Yes,"Nothing, just listening ",0,0,0,0,0,0,0,0,0,0,1,0,0,0,0,0,0,1,0,1,0,1,-1,"['LV1', 'LV8', 'LV10']","[0.241, 0.0399, 0.0445]",0.108466667,"['grunge', 'melodic', 'dance', 'urban', 'trap', 'r&b', 'permanent', 'hip', 'contemporary', 'rap', 'wave', 'rock', 'pop', 'hop', 'vapor']",Rap / Hip Hop,"['rap', 'hip', 'hop']",1,"[0.00311, 0.114, 0.0362]",0.051103333,"[0.379, 0.638, 0.241]",0.419333333,"[0.608, 0.6, 0.508]",0.572,1,0
3/21/2022 18:55,3/21/2022 18:57,IP Address,100,117,TRUE,3/21/2022 18:57,R_3EuKuGrUFrsv6C1,26.01620483,-80.19550323,anonymous,EN,0,3,12,3,Yes,Spotify,0,Punk,0,0,0,0,0,0,0,0,0,0,0,0,0,0,0,0,0,0,0,0,0,0,0,0,0,0,0,0,0,0,0,0,0,0,0,0,0,0,0,0,0,4,Song 3,Song 2,2,Speakers,0,Yes,Nothing,0,1,1,1,0,0,0,0,0,0,0,0,0,0,0,0,0,0,0,0,1,0,1,"['HV2', 'HV3', 'HV4']","[0.97, 0.961, 0.972]",0.967666667,"['alternative', 'metal', 'dance', 'group', 'urban', 'punk', 'funk', 'girl', 'hip', 'rock', 'rap', 'contemporary', 'post-teen', 'pop', 'comic', 'nu']",Punk,['punk'],1,"[0.00397, 0.00887, 0.0496]",0.020813333,"[0.831, 0.852, 0.867]",0.85,"[0.735, 0.896, 0.854]",0.828333333,1,1
3/21/2022 19:00,3/21/2022 19:02,IP Address,100,158,TRUE,3/21/2022 19:02,R_1nO3EgkMfgTP59j,40.76530457,-73.95890045,anonymous,EN,0,5,14,1,Yes,Spotify,0,Other,Pop,0,0,0,0,0,0,0,0,0,0,0,0,0,0,0,0,0,0,0,0,0,0,0,0,0,0,0,0,0,0,0,0,0,0,0,0,0,0,0,0,5,Song 2,Song 3,1,Speakers,0,No,Eating,1,0,0,0,0,1,0,0,0,1,0,0,0,0,0,0,0,0,0,0,1,0,0,"['HV1', 'HV6', 'HV10']","[0.837, 0.976, 0.967]",0.926666667,"['alternative', 'dance', 'toronto', 'viral', 'canadian', 'mellow', 'neo', 'hip', 'rock', 'rap', 'post-teen', 'pop', 'hop', 'post-grunge']",Pop,['pop'],1,"[0.321, 0.00266, 0.0814]",0.13502,"[0.834, 0.712, 0.728]",0.758,"[0.454, 0.922, 0.94]",0.772,1,0
3/21/2022 19:21,3/21/2022 19:23,IP Address,100,153,TRUE,3/21/2022 19:23,R_80OWIu7L4UPCBGN,42.3513031,-71.13700104,anonymous,EN,0,3,30,3,Yes,Spotify,0,Rap / Hip Hop,0,0,0,0,0,0,0,0,0,0,1,0,0,0,0,0,0,0,0,0,0,0,0,0,0,0,0,0,0,0,0,0,0,0,0,0,0,0,0,0,0,3,Song 3,Song 1,1,Speakers,0,No,brushing my teeth,0,0,0,0,1,0,1,0,1,0,0,0,0,0,0,0,0,0,0,0,1,0,0,"['HV5', 'HV7', 'HV9']","[0.972, 0.965, 0.894]",0.943666667,"['mellow', 'r&b', 'hip', 'contemporary', 'pop', 'melodic', 'dance', 'slap', 'trap', 'rock', 'post-teen', 'talent', 'show', 'urban', 'tropical', 'uk', 'neo', 'house', 'rap']",Rap / Hip Hop,"['rap', 'hip', 'hop']",1,"[0.056, 0.015, 0.0149]",0.028633333,"[0.77, 0.762, 0.785]",0.772333333,"[0.779, 0.863, 0.721]",0.787666667,1,0
3/21/2022 19:30,3/21/2022 19:33,IP Address,100,189,TRUE,3/21/2022 19:33,R_25KtwQ1R3yYCuqJ,40.80000305,-73.9763031,anonymous,EN,0,4,12,3,Yes,Spotify,0,Other,Latin,0,0,0,0,0,0,0,0,0,0,0,0,0,0,0,0,0,0,0,0,0,0,0,0,0,0,0,0,0,0,0,0,0,0,0,0,0,0,0,0,3,Song 1,Song 2,1,Headphones,0,Yes,Procrastinating studying ,0,0,0,0,0,0,0,0,0,0,0,0,0,0,0,0,1,1,1,0,0,1,-1,"['LV7', 'LV8', 'LV9']","[0.0406, 0.0399, 0.0978]",0.059433333,"['melodic', 'dance', 'urban', 'southern', 'trap', 'r&b', 'hip', 'contemporary', 'rap', 'post-teen', 'pop', 'hop', 'vapor']",Latin,['latin'],0,"[0.014, 0.114, 0.556]",0.228,"[0.723, 0.638, 0.488]",0.616333333,"[0.322, 0.6, 0.343]",0.421666667,1,0
3/21/2022 19:35,3/21/2022 19:39,IP Address,100,218,TRUE,3/21/2022 19:39,R_2Qmv81xpCzOTp0u,38.90910339,-77.02030182,anonymous,EN,0,4,5,1,Yes,Spotify,0,Rock,0,0,0,0,0,0,0,0,0,0,0,0,0,0,0,0,0,0,0,0,0,0,0,0,0,0,0,0,0,0,0,0,0,0,0,0,0,0,0,0,0,4,Song 3,Song 2,2,Speakers,0,Yes,Talking to a friend,0,0,0,0,0,0,0,0,0,0,0,0,1,1,0,1,0,0,0,0,0,1,0,"['LV3', 'LV4', 'LV6']","[0.192, 0.0499, 0.296]",0.1793,"['alternative', 'metal', 'punk', 'rock', 'pop', 'emo', 'modern']",Rock,['rock'],1,"[0.0286, 0.216, 0.00721]",0.083936667,"[0.202, 0.75, 0.331]",0.427666667,"[0.886, 0.404, 0.943]",0.744333333,1,1
3/21/2022 19:49,3/21/2022 19:51,IP Address,100,152,TRUE,3/21/2022 19:51,R_2wowlzlBvxzMHat,39.33850098,-120.1728973,anonymous,EN,0,4,10,1,Yes,Apple Music,0,Rock,0,0,0,0,0,0,0,0,0,0,0,0,0,0,0,0,0,0,0,0,0,0,0,0,0,0,0,0,0,0,0,0,0,0,0,0,0,0,0,0,0,4,Song 2,Song 1,0,Headphones,0,No,"Looking at my pizza, uncooked and ready to go into the oven",0,0,0,1,1,0,0,0,0,1,0,0,0,0,0,0,0,0,0,0,1,0,0,"['HV4', 'HV5', 'HV10']","[0.972, 0.972, 0.967]",0.970333333,"['alternative', 'dance', 'group', 'urban', 'mellow', 'r&b', 'girl', 'hip', 'contemporary', 'rock', 'neo', 'post-teen', 'pop', 'post-grunge']",Rock,['rock'],1,"[0.0496, 0.056, 0.0814]",0.062333333,"[0.867, 0.77, 0.728]",0.788333333,"[0.854, 0.779, 0.94]",0.857666667,0,0
3/21/2022 20:02,3/21/2022 20:06,IP Address,100,227,TRUE,3/21/2022 20:06,R_25LcxuUskIDQGdx,38.91720581,-77.07089996,anonymous,EN,0,2,7,2,Yes,Spotify,0,Rap / Hip Hop,0,0,0,0,0,0,0,0,0,0,0,0,0,0,0,0,0,0,0,0,0,0,0,0,0,0,0,0,0,0,0,0,0,0,0,0,0,0,0,0,0,3,Song 3,Song 2,3,Speakers,0,No,Sitting,1,0,0,0,0,1,1,0,0,0,0,0,0,0,0,0,0,0,0,0,1,0,1,"['HV1', 'HV6', 'HV7']","[0.837, 0.976, 0.965]",0.926,"['dance', 'toronto', 'tropical', 'viral', 'uk', 'canadian', 'mellow', 'neo', 'hip', 'rock', 'rap', 'house', 'post-teen', 'pop', 'hop', 'talent', 'show']",Rap / Hip Hop,"['rap', 'hip', 'hop']",1,"[0.321, 0.00266, 0.015]",0.112886667,"[0.834, 0.712, 0.762]",0.769333333,"[0.454, 0.922, 0.863]",0.746333333,1,1
3/21/2022 22:15,3/21/2022 22:18,IP Address,100,156,TRUE,3/21/2022 22:18,R_1FyQUjNMdcfllH6,40.67399597,-73.9701004,anonymous,EN,0,2,30,4,Yes,Spotify,0,Punk,0,0,0,0,0,0,0,0,0,0,0,0,0,0,0,0,0,0,0,0,0,0,0,0,0,0,0,0,0,0,0,0,0,0,0,0,0,0,0,0,0,4,Song 1,Song 3,0,Headphones,0,No,Lying down,0,0,1,0,0,0,0,1,1,0,0,0,0,0,0,0,0,0,0,0,1,0,2,"['HV3', 'HV8', 'HV9']","[0.961, 0.967, 0.894]",0.940666667,"['melodic', 'dance', 'slap', 'trap', 'latin', 'house', 'rap', 'post-teen', 'pop']",Punk,['punk'],0,"[0.00887, 0.125, 0.0149]",0.04959,"[0.852, 0.858, 0.785]",0.831666667,"[0.896, 0.947, 0.721]",0.854666667,0,0
3/22/2022 0:22,3/22/2022 0:24,IP Address,100,134,TRUE,3/22/2022 0:24,R_4Iw0sAgT4QVYMFj,32.06660461,34.76519775,anonymous,EN,0,4,12,0,Yes,Apple Music,0,Other,Pop,0,0,0,0,0,0,0,1,0,0,0,0,0,0,0,0,0,0,0,0,0,0,0,0,0,0,0,0,0,0,0,0,0,0,0,0,0,0,0,0,4,Song 2,Song 1,2,Speakers,0,Yes,Nothing,0,1,0,1,0,0,0,0,1,0,0,0,0,0,0,0,0,0,0,0,1,0,0,"['HV2', 'HV4', 'HV9']","[0.97, 0.972, 0.894]",0.945333333,"['alternative', 'metal', 'funk', 'hip', 'contemporary', 'pop', 'melodic', 'dance', 'slap', 'punk', 'trap', 'girl', 'rock', 'post-teen', 'urban', 'house', 'nu', 'group', 'rap', 'comic']",Pop,['pop'],1,"[0.00397, 0.0496, 0.0149]",0.022823333,"[0.831, 0.867, 0.785]",0.827666667,"[0.735, 0.854, 0.721]",0.77,1,1
3/22/2022 0:25,3/22/2022 0:28,IP Address,100,158,TRUE,3/22/2022 0:28,R_1I6gutDOSttjt1P,47.52319336,21.63340759,anonymous,EN,0,3,28,4,Yes,Apple Music,0,Rap / Hip Hop,0,0,0,0,0,0,0,0,0,0,0,0,0,0,0,0,0,0,0,0,0,0,0,0,0,0,0,0,0,0,0,0,0,0,0,0,0,0,0,0,0,3,Song 2,Song 1,0,Speakers,0,No,Laying in bed ,0,0,0,0,0,0,0,0,0,0,1,1,1,0,0,0,0,0,0,0,0,1,0,"['LV1', 'LV2', 'LV3']","[0.241, 0.0365, 0.192]",0.1565,"['dance', 'urban', 'modern', 'punk', 'r&b', 'contemporary', 'rock', 'post-teen', 'pop', 'emo', 'glee', 'hollywood', 'club']",Rap / Hip Hop,"['rap', 'hip', 'hop']",0,"[0.00311, 0.31, 0.0286]",0.113903333,"[0.379, 0.255, 0.202]",0.278666667,"[0.608, 0.358, 0.886]",0.617333333,0,0
3/22/2022 0:31,3/22/2022 0:34,IP Address,100,170,TRUE,3/22/2022 0:34,R_OOvY5TjK1RBhe3n,34.23260498,-118.5480957,anonymous,EN,0,4,25,3,Yes,Spotify,0,8,0,0,0,0,0,0,0,0,0,0,0,0,0,0,0,0,0,0,0,0,0,0,0,0,0,0,0,0,0,0,0,0,0,0,0,0,0,0,0,0,0,4,Song 2,Song 3,2,Other,phone speaker,No,just listening,1,0,0,0,1,0,1,0,0,0,0,0,0,0,0,0,0,0,0,0,1,0,0,"['HV1', 'HV5', 'HV7']","[0.837, 0.972, 0.965]",0.924666667,"['mellow', 'r&b', 'hip', 'contemporary', 'pop', 'dance', 'canadian', 'rock', 'post-teen', 'talent', 'show', 'urban', 'tropical', 'uk', 'neo', 'house', 'toronto', 'rap', 'hop']",8,['8'],0,"[0.321, 0.056, 0.015]",0.130666667,"[0.834, 0.77, 0.762]",0.788666667,"[0.454, 0.779, 0.863]",0.698666667,1,1
3/22/2022 0:37,3/22/2022 0:39,IP Address,100,119,TRUE,3/22/2022 0:39,R_YPRjJxteawj6jzH,33.98890686,-118.1529999,anonymous,EN,0,5,10,2,Yes,Apple Music,0,Other,International ,0,0,0,0,0,0,0,0,0,0,0,0,0,0,0,0,0,0,0,0,0,0,0,0,0,0,0,0,0,0,0,0,0,0,0,0,0,0,0,0,5,Song 1,Song 2,2,Speakers,0,No,Looking at the survey,0,0,0,0,0,0,0,0,0,0,0,0,0,0,1,1,0,0,1,0,0,1,0,"['LV5', 'LV6', 'LV9']","[0.0797, 0.296, 0.0978]",0.157833333,"['alternative', 'metal', 'worship', 'dance', 'ccm', 'rock', 'post-teen', 'pop', 'music', 'christian']",International ,['international'],0,"[0.682, 0.00721, 0.556]",0.41507,"[0.494, 0.331, 0.488]",0.437666667,"[0.632, 0.943, 0.343]",0.639333333,1,1
3/22/2022 0:50,3/22/2022 0:54,IP Address,100,257,TRUE,3/22/2022 0:54,R_1NzDN7sV8bHxNfy,32.06660461,34.76519775,anonymous,EN,0,4,14,0,Yes,Apple Music,0,Rock,0,0,0,0,0,0,1,0,0,0,0,0,0,0,0,0,0,0,0,0,0,0,0,0,0,0,0,0,0,0,0,0,0,0,0,0,0,0,0,0,0,4,Song 1,Song 3,1,Headphones,0,Yes,On my way to work ,0,1,1,0,0,0,0,0,0,1,0,0,0,0,0,0,0,0,0,0,1,0,0,"['HV2', 'HV3', 'HV10']","[0.97, 0.961, 0.967]",0.966,"['alternative', 'metal', 'dance', 'punk', 'mellow', 'funk', 'neo', 'rock', 'rap', 'post-teen', 'pop', 'comic', 'nu', 'post-grunge']",Rock,['rock'],1,"[0.00397, 0.00887, 0.0814]",0.031413333,"[0.831, 0.852, 0.728]",0.803666667,"[0.735, 0.896, 0.94]",0.857,1,0
3/22/2022 1:19,3/22/2022 1:23,IP Address,100,214,TRUE,3/22/2022 1:23,R_3eaDTXr3He7izWm,32.06660461,34.76519775,anonymous,EN,0,3,8,0,Yes,Spotify,0,Rap / Hip Hop,0,0,0,0,0,0,0,0,0,0,0,0,0,0,0,0,0,0,0,0,0,0,0,0,0,0,0,0,0,0,0,0,0,0,0,0,0,0,0,0,0,3,Song 1,Song 2,1,Speakers,0,No,Eating,0,0,0,0,0,0,0,0,0,0,0,0,0,1,0,0,0,1,0,1,0,1,0,"['LV4', 'LV8', 'LV10']","[0.0499, 0.0399, 0.0445]",0.044766667,"['grunge', 'melodic', 'trap', 'r&b', 'permanent', 'hip', 'rock', 'rap', 'wave', 'pop', 'hop', 'vapor']",Rap / Hip Hop,"['rap', 'hip', 'hop']",1,"[0.216, 0.114, 0.0362]",0.122066667,"[0.75, 0.638, 0.241]",0.543,"[0.404, 0.6, 0.508]",0.504,1,0
3/22/2022 1:56,3/22/2022 2:01,IP Address,100,275,TRUE,3/22/2022 2:01,R_zSRSL1L0e4Nukcp,31.5,34.75,anonymous,EN,0,4,42,2,Yes,Spotify,0,Other,Indie rock,0,0,0,0,0,0,0,0,0,0,0,0,0,0,0,0,0,0,0,0,0,0,0,0,0,0,0,0,0,0,0,0,0,0,0,0,0,0,0,0,4,Song 2,Song 3,0,Speakers,0,No,Nothing,0,0,0,0,0,1,0,1,0,1,0,0,0,0,0,0,0,0,0,0,1,0,0,"['HV6', 'HV8', 'HV10']","[0.976, 0.967, 0.967]",0.97,"['alternative', 'dance', 'viral', 'latin', 'mellow', 'neo', 'rock', 'post-teen', 'pop', 'post-grunge']",Indie rock,"['indie', 'rock']",0,"[0.00266, 0.125, 0.0814]",0.069686667,"[0.712, 0.858, 0.728]",0.766,"[0.922, 0.947, 0.94]",0.936333333,0,0
3/22/2022 2:01,3/22/2022 2:11,IP Address,100,613,TRUE,3/22/2022 2:11,R_1JLU44fzWdMkQrB,32.06660461,34.76519775,anonymous,EN,0,3,1,0,Yes,Apple Music,0,R & B,0,0,0,0,0,0,0,0,0,0,0,0,0,0,0,0,0,0,0,0,0,0,0,0,0,0,0,0,0,0,0,0,0,0,0,0,0,0,0,0,0,3,Song 1,Song 2,1,Speakers,0,Yes,Eat,0,0,0,0,0,0,0,0,0,0,1,0,0,0,1,0,1,0,0,0,0,1,0,"['LV1', 'LV5', 'LV7']","[0.241, 0.0797, 0.0406]",0.120433333,"['alternative', 'dance', 'urban', 'worship', 'southern', 'trap', 'ccm', 'r&b', 'hip', 'contemporary', 'rock', 'pop', 'hop', 'music', 'christian']",R & B,r&b,0,"[0.00311, 0.682, 0.014]",0.233036667,"[0.379, 0.494, 0.723]",0.532,"[0.608, 0.632, 0.322]",0.520666667,1,0
3/22/2022 3:16,3/22/2022 3:23,IP Address,100,449,TRUE,3/22/2022 3:23,R_pDZBUCw6iAGJA6R,32.61129761,35.28849792,anonymous,EN,0,5,14,0,Yes,Spotify,0,Other,Pop,0,0,0,0,0,0,0,0,0,0,0,0,0,0,0,0,0,0,0,0,0,0,0,0,0,0,0,0,0,0,0,0,0,0,0,0,0,0,0,0,4,Song 1,Song 2,0,Other,Phone,No,Getting ready ,0,0,0,0,0,0,0,0,0,0,0,1,1,0,0,0,1,0,0,0,0,1,-1,"['LV2', 'LV3', 'LV7']","[0.0365, 0.192, 0.0406]",0.0897,"['dance', 'urban', 'southern', 'trap', 'modern', 'punk', 'r&b', 'hip', 'rock', 'contemporary', 'post-teen', 'pop', 'hop', 'emo', 'glee', 'hollywood', 'club']",Pop,['pop'],1,"[0.31, 0.0286, 0.014]",0.117533333,"[0.255, 0.202, 0.723]",0.393333333,"[0.358, 0.886, 0.322]",0.522,0,0
3/22/2022 11:59,3/22/2022 12:09,IP Address,100,609,TRUE,3/22/2022 12:09,R_2z7lC9DHdjMsGTV,35.9598999,-95.99349976,anonymous,EN,0,4,60,6,Yes,Other,YouTube music,Rock,0,0,0,0,0,0,0,0,0,0,0,0,0,0,0,0,0,0,0,0,0,0,0,0,0,0,0,0,0,0,0,0,0,0,0,0,0,0,0,0,0,4,Song 3,Song 1,0,Other,Mobile phone,No,Eating,0,0,0,0,0,0,0,0,0,0,0,0,1,1,0,0,0,0,1,0,0,1,0,"['LV3', 'LV4', 'LV9']","[0.192, 0.0499, 0.0978]",0.113233333,"['dance', 'punk', 'rock', 'post-teen', 'pop', 'emo', 'modern']",Rock,['rock'],1,"[0.0286, 0.216, 0.556]",0.266866667,"[0.202, 0.75, 0.488]",0.48,"[0.886, 0.404, 0.343]",0.544333333,0,0
3/22/2022 12:14,3/22/2022 12:16,IP Address,100,148,TRUE,3/22/2022 12:17,R_1dax6qj2CuXVWjS,37.4967041,-122.2664948,anonymous,EN,0,4,8,1,Yes,Spotify,0,Other,Indie,0,0,0,0,0,0,0,0,0,0,0,0,0,1,0,0,0,0,0,0,0,0,0,0,0,0,0,0,0,0,0,0,0,0,0,0,0,0,0,0,4,Song 2,Song 3,1,Headphones,0,No,FYI Third song didn't work ,0,0,0,1,0,1,1,0,0,0,0,0,0,0,0,0,0,0,0,0,1,0,0,"['HV4', 'HV6', 'HV7']","[0.972, 0.976, 0.965]",0.971,"['dance', 'group', 'urban', 'tropical', 'viral', 'uk', 'mellow', 'neo', 'girl', 'hip', 'contemporary', 'rock', 'house', 'post-teen', 'pop', 'talent', 'show']",Indie,['indie'],0,"[0.0496, 0.00266, 0.015]",0.02242,"[0.867, 0.712, 0.762]",0.780333333,"[0.854, 0.922, 0.863]",0.879666667,1,0
3/22/2022 12:25,3/22/2022 12:26,IP Address,100,102,TRUE,3/22/2022 12:26,R_z7kfd1WwXD0sZXP,37.8657074,-122.2570953,anonymous,EN,0,4,10,4,Yes,Spotify,0,Other,Metal,0,0,0,0,0,0,0,0,0,1,0,0,0,0,0,0,0,0,0,0,0,0,0,0,0,0,0,0,0,0,0,0,0,0,0,0,0,0,0,0,2,Song 2,Song 1,3,Headphones,0,No,Nothing ,1,0,1,0,1,0,0,0,0,0,0,0,0,0,0,0,0,0,0,0,1,0,-2,"['HV1', 'HV3', 'HV5']","[0.837, 0.961, 0.972]",0.923333333,"['dance', 'urban', 'toronto', 'canadian', 'r&b', 'hip', 'contemporary', 'rap', 'post-teen', 'pop', 'hop']",Metal,['metal'],0,"[0.321, 0.00887, 0.056]",0.128623333,"[0.834, 0.852, 0.77]",0.818666667,"[0.454, 0.896, 0.779]",0.709666667,1,1
3/22/2022 12:58,3/22/2022 13:03,IP Address,100,310,TRUE,3/22/2022 13:03,R_3fxuMtKqwzD4oxr,30.2183075,-81.56210327,anonymous,EN,0,3,0,0,Yes,Other,YouTube,Classical,0,0,0,0,0,0,0,0,0,0,0,0,0,0,0,0,0,0,0,0,0,0,0,0,0,0,0,0,0,0,0,0,0,0,0,0,0,0,4,0,0,3,Song 1,Song 3,0,Speakers,0,No,Nothing,0,0,0,0,0,0,0,0,0,0,0,0,0,1,0,0,1,0,1,0,0,1,0,"['LV4', 'LV7', 'LV9']","[0.0499, 0.0406, 0.0978]",0.062766667,"['dance', 'urban', 'southern', 'trap', 'r&b', 'hip', 'contemporary', 'post-teen', 'pop', 'hop']",Classical,['classical'],0,"[0.216, 0.014, 0.556]",0.262,"[0.75, 0.723, 0.488]",0.653666667,"[0.404, 0.322, 0.343]",0.356333333,0,0
3/22/2022 13:23,3/22/2022 13:25,IP Address,100,132,TRUE,3/22/2022 13:25,R_1f9Fgc8TYkSy0sD,33.00320435,-96.54340363,anonymous,EN,0,3,4,2,Yes,Other,You Tube,Country,0,0,0,0,0,0,0,0,0,0,0,0,0,0,0,0,0,0,0,0,0,0,0,0,0,0,0,0,0,0,0,0,0,0,0,0,0,0,0,0,0,3,Song 3,Song 1,0,Computer,0,No,Clicking,0,0,0,0,0,0,0,0,0,0,1,0,0,0,0,1,0,1,0,0,0,1,0,"['LV1', 'LV6', 'LV8']","[0.241, 0.296, 0.0399]",0.1923,"['alternative', 'metal', 'melodic', 'dance', 'urban', 'trap', 'r&b', 'hip', 'contemporary', 'rap', 'pop', 'hop', 'vapor']",Country,['country'],0,"[0.00311, 0.00721, 0.114]",0.04144,"[0.379, 0.331, 0.638]",0.449333333,"[0.608, 0.943, 0.6]",0.717,0,0
3/22/2022 13:45,3/22/2022 13:47,IP Address,100,120,TRUE,3/22/2022 13:47,R_2XbTLGKz0PdW0da,44.67070007,-93.25879669,anonymous,EN,Yes,2,10,0,Yes,Spotify,0,Latin,0,0,0,0,0,0,0,0,0,0,0,0,0,0,0,0,0,0,0,0,0,0,0,0,0,0,0,Yes,3,0,0,0,0,Yes,4,0,0,0,0,Yes,2,3,Song 3,Song 1,0,Mobile device,0,No,Nothing,0,0,0,0,0,0,0,0,0,0,0,0,0,1,0,0,1,0,0,1,0,1,1,"['LV4', 'LV7', 'LV10']","[0.0499, 0.0406, 0.0445]",0.045,"['grunge', 'dance', 'urban', 'southern', 'trap', 'r&b', 'permanent', 'hip', 'contemporary', 'wave', 'rock', 'pop', 'hop']",Latin,['latin'],0,"[0.216, 0.014, 0.0362]",0.088733333,"[0.75, 0.723, 0.241]",0.571333333,"[0.404, 0.322, 0.508]",0.411333333,0,0
3/22/2022 13:49,3/22/2022 13:51,IP Address,100,130,TRUE,3/22/2022 13:51,R_XuJhn1c8QIIfWw1,44.67070007,-93.25879669,qr,EN,Yes,3,4,1,Yes,"Internet Radio (ex.SiriusXM, Pandora)",0,Country,0,0,0,0,0,0,0,0,0,0,0,0,0,0,0,0,0,0,0,0,0,Yes,2,Yes,2,0,0,0,0,0,0,0,0,0,0,0,0,Yes,2,0,0,3,Song 2,Song 1,0,Mobile device,0,No,Working,0,0,0,0,0,0,0,0,0,0,1,1,0,0,0,0,0,0,1,0,0,1,0,"['LV1', 'LV2', 'LV9']","[0.241, 0.0365, 0.0978]",0.1251,"['dance', 'urban', 'r&b', 'contemporary', 'post-teen', 'pop', 'glee', 'hollywood', 'club']",Country,['country'],0,"[0.00311, 0.31, 0.556]",0.289703333,"[0.379, 0.255, 0.488]",0.374,"[0.608, 0.358, 0.343]",0.436333333,0,0
3/22/2022 13:50,3/22/2022 14:00,IP Address,100,604,TRUE,3/22/2022 14:00,R_3kvIKRhzkqfLetM,36.04960632,-95.88580322,anonymous,EN,Yes,4,1,0,Yes,Amazon Music,0,Other,Christian ,0,0,Yes,1,0,0,0,0,0,0,0,0,0,0,Yes,1,Yes,1,0,0,0,0,0,0,0,0,0,0,0,0,0,0,0,0,0,0,0,0,0,0,3,Song 1,Song 3,0,Mobile device,0,No,Nothing but sitting ,0,1,0,0,0,0,0,1,1,0,0,0,0,0,0,0,0,0,0,0,1,0,-1,"['HV2', 'HV8', 'HV9']","[0.97, 0.967, 0.894]",0.943666667,"['alternative', 'metal', 'melodic', 'slap', 'punk', 'trap', 'latin', 'funk', 'house', 'rock', 'rap', 'pop', 'comic', 'nu']",Christian ,['christian'],0,"[0.00397, 0.125, 0.0149]",0.047956667,"[0.831, 0.858, 0.785]",0.824666667,"[0.735, 0.947, 0.721]",0.801,0,0
3/22/2022 14:42,3/22/2022 14:45,IP Address,100,172,TRUE,3/22/2022 14:45,R_VOK4iI98oydzP8Z,45.668396,-111.2422028,anonymous,EN,Yes,4,6,0,Yes,Spotify,0,Classical,0,0,0,0,0,Yes,1,0,0,Yes,1,0,0,Yes,2,0,0,0,0,0,0,0,0,0,0,0,0,0,0,0,0,0,0,0,0,0,0,0,0,0,0,4,Song 1,Song 3,0,Computer,0,No,Responding to Slack messages,0,0,1,0,1,0,1,0,0,0,0,0,0,0,0,0,0,0,0,0,1,0,0,"['HV3', 'HV5', 'HV7']","[0.961, 0.972, 0.965]",0.966,"['dance', 'urban', 'tropical', 'uk', 'mellow', 'r&b', 'neo', 'hip', 'contemporary', 'rock', 'house', 'post-teen', 'pop', 'talent', 'show']",Classical,['classical'],0,"[0.00887, 0.056, 0.015]",0.026623333,"[0.852, 0.77, 0.762]",0.794666667,"[0.896, 0.779, 0.863]",0.846,0,0
3/22/2022 14:54,3/22/2022 14:58,IP Address,100,255,TRUE,3/22/2022 14:58,R_1KdlGYaoTU6Pqp7,37.33880615,-121.8916016,anonymous,EN,Yes,2,2,0,Yes,"Internet Radio (ex.SiriusXM, Pandora)",0,Rap / Hip Hop,0,Yes,1,0,0,Yes,3,Yes,4,0,0,0,0,0,0,0,0,0,0,0,0,0,0,0,0,0,0,0,0,0,0,0,0,0,0,0,0,0,0,0,0,4,Song 2,Song 1,1,Mobile device,0,No,Sitting on the couch,1,0,1,1,0,0,0,0,0,0,0,0,0,0,0,0,0,0,0,0,1,0,2,"['HV1', 'HV3', 'HV4']","[0.837, 0.961, 0.972]",0.923333333,"['dance', 'group', 'toronto', 'urban', 'canadian', 'girl', 'hip', 'contemporary', 'rap', 'post-teen', 'pop', 'hop']",Rap / Hip Hop,"['rap', 'hip', 'hop']",1,"[0.321, 0.00887, 0.0496]",0.12649,"[0.834, 0.852, 0.867]",0.851,"[0.454, 0.896, 0.854]",0.734666667,1,0
3/22/2022 15:23,3/22/2022 15:27,IP Address,100,235,TRUE,3/22/2022 15:27,R_A5IfP4pbYQPJ0rv,37.35899353,-122.0866013,anonymous,EN,Yes,4,16,1,Yes,Spotify,0,Pop,0,0,0,Yes,2,0,0,0,0,0,0,0,0,0,0,Yes,4,0,0,Yes,4,0,0,0,0,0,0,0,0,0,0,0,0,0,0,0,0,0,0,0,0,4,Song 1,Song 2,1,Headphones,0,No,Looking into my backyard ,0,1,0,0,0,0,0,1,0,1,0,0,0,0,0,0,0,0,0,0,1,0,0,"['HV2', 'HV8', 'HV10']","[0.97, 0.967, 0.967]",0.968,"['alternative', 'metal', 'punk', 'latin', 'mellow', 'funk', 'neo', 'rock', 'rap', 'pop', 'comic', 'nu', 'post-grunge']",Pop,['pop'],1,"[0.00397, 0.125, 0.0814]",0.070123333,"[0.831, 0.858, 0.728]",0.805666667,"[0.735, 0.947, 0.94]",0.874,1,0
3/22/2022 18:03,3/22/2022 18:08,IP Address,100,270,TRUE,3/22/2022 18:08,R_2ax42M5vYwrVjrP,47.67219543,-122.1257019,anonymous,EN,Yes,4,1,0,Yes,Other,Youtube,Pop,0,0,0,0,0,0,0,0,0,Yes,2,Yes,1,0,0,0,0,Yes,3,0,0,0,0,0,0,0,0,0,0,0,0,0,0,0,0,0,0,0,0,0,0,4,Song 3,Song 1,0,Mobile device,0,Yes,Relax,0,0,0,0,1,1,0,0,1,0,0,0,0,0,0,0,0,0,0,0,1,0,0,"['HV5', 'HV6', 'HV9']","[0.972, 0.976, 0.894]",0.947333333,"['melodic', 'dance', 'urban', 'viral', 'slap', 'trap', 'r&b', 'hip', 'contemporary', 'rap', 'house', 'post-teen', 'pop']",Pop,['pop'],1,"[0.056, 0.00266, 0.0149]",0.02452,"[0.77, 0.712, 0.785]",0.755666667,"[0.779, 0.922, 0.721]",0.807333333,0,0
3/22/2022 18:32,3/22/2022 21:34,IP Address,100,10954,TRUE,3/22/2022 21:34,R_2ZCG8enDYPEOBku,34.0973053,-117.9069977,anonymous,EN,Yes,4,20,2,Yes,Spotify,0,Other,Folk,0,0,Yes,2,0,0,Yes,1,0,0,0,0,Yes,1,0,0,0,0,0,0,0,0,0,0,0,0,0,0,0,0,0,0,0,0,0,0,0,0,0,0,3,Song 3,Song 1,2,Computer,0,No,Browsing Twitter/Instagram,0,1,0,1,0,0,1,0,0,0,0,0,0,0,0,0,0,0,0,0,1,0,-1,"['HV2', 'HV4', 'HV7']","[0.97, 0.972, 0.965]",0.969,"['alternative', 'metal', 'mellow', 'funk', 'hip', 'contemporary', 'pop', 'dance', 'punk', 'girl', 'rock', 'post-teen', 'talent', 'show', 'urban', 'tropical', 'uk', 'neo', 'house', 'nu', 'group', 'rap', 'comic']",Folk,['folk'],0,"[0.00397, 0.0496, 0.015]",0.022856667,"[0.831, 0.867, 0.762]",0.82,"[0.735, 0.854, 0.863]",0.817333333,1,1
3/23/2022 11:46,3/23/2022 11:53,IP Address,100,412,TRUE,3/23/2022 11:53,R_2znJhwJ8MwGOoTa,42.13580322,-87.94270325,anonymous,EN,Yes,5,68,6,Yes,"Internet Radio (ex.SiriusXM, Pandora)",0,Pop,0,0,0,0,0,0,0,0,0,0,0,0,0,0,0,0,0,0,0,0,0,0,0,0,0,0,0,Yes,1,Yes,1,Yes,2,0,0,0,0,0,0,0,0,4,Song 3,Song 1,2,Headphones,0,Yes,drinking tea,0,0,0,0,0,0,0,0,0,0,0,0,0,1,1,1,0,0,0,0,0,1,-1,"['LV4', 'LV5', 'LV6']","[0.0499, 0.0797, 0.296]",0.141866667,"['alternative', 'metal', 'worship', 'ccm', 'rock', 'pop', 'music', 'christian']",Pop,['pop'],1,"[0.216, 0.682, 0.00721]",0.301736667,"[0.75, 0.494, 0.331]",0.525,"[0.404, 0.632, 0.943]",0.659666667,1,1
3/23/2022 12:04,3/23/2022 12:09,IP Address,100,263,TRUE,3/23/2022 12:09,R_1kLd6pebehvHHuG,42.06289673,-87.98130035,anonymous,EN,Yes,2,6,0,Yes,Other,YouTube Music,Pop,0,0,0,0,0,0,0,0,0,0,0,0,0,0,0,0,0,0,0,0,0,Yes,1,0,0,0,0,0,0,0,0,0,0,0,0,Yes,1,Yes,1,0,0,3,Song 3,Song 2,1,Headphones,0,Yes,Nothing; just listening and looking at the screen,0,0,0,0,0,0,0,0,0,0,1,0,0,0,0,0,0,1,1,0,0,1,1,"['LV1', 'LV8', 'LV9']","[0.241, 0.0399, 0.0978]",0.126233333,"['melodic', 'dance', 'urban', 'trap', 'r&b', 'hip', 'contemporary', 'rap', 'post-teen', 'pop', 'hop', 'vapor']",Pop,['pop'],0,"[0.00311, 0.114, 0.556]",0.22437,"[0.379, 0.638, 0.488]",0.501666667,"[0.608, 0.6, 0.343]",0.517,1,0
3/23/2022 12:05,3/23/2022 12:09,IP Address,100,202,TRUE,3/23/2022 12:09,R_0J4hlMiwcxjiP8R,29.7223053,-95.62850189,anonymous,EN,Yes,5,1,0,Yes,Spotify,0,Other,Broadway,0,0,0,0,Yes,2,0,0,0,0,0,0,Yes,1,0,0,0,0,Yes,1,0,0,0,0,0,0,0,0,0,0,0,0,0,0,0,0,0,0,0,0,5,Song 3,Song 1,0,Speakers,0,No,coloring on my phone,0,0,1,0,0,0,1,0,0,1,0,0,0,0,0,0,0,0,0,0,1,0,0,"['HV3', 'HV7', 'HV10']","[0.961, 0.965, 0.967]",0.964333333,"['alternative', 'dance', 'tropical', 'uk', 'mellow', 'neo', 'house', 'rock', 'post-teen', 'pop', 'talent', 'post-grunge', 'show']",Broadway,['broadway'],0,"[0.00887, 0.015, 0.0814]",0.03509,"[0.852, 0.762, 0.728]",0.780666667,"[0.896, 0.863, 0.94]",0.899666667,0,0
3/23/2022 13:11,3/23/2022 13:15,IP Address,100,271,TRUE,3/23/2022 13:15,R_WukEozNVDb0ywtr,41.29400635,-96.05410004,anonymous,EN,Yes,4,2,0,Yes,Amazon Music,0,Other,Indie Rock,0,0,0,0,0,0,0,0,0,0,0,0,0,0,0,0,0,0,0,0,0,0,Yes,1,0,0,0,0,0,0,0,0,0,0,0,0,Yes,1,Yes,1,4,Song 2,Song 1,0,Computer,0,No,Watching the spotify player,0,0,0,0,0,0,0,0,0,0,0,1,0,0,0,0,0,0,1,1,0,1,0,"['LV2', 'LV9', 'LV10']","[0.0365, 0.0978, 0.0445]",0.0596,"['grunge', 'dance', 'permanent', 'rock', 'wave', 'post-teen', 'pop', 'glee', 'hollywood', 'club']",Indie Rock,"['indie', 'rock']",1,"[0.31, 0.556, 0.0362]",0.300733333,"[0.255, 0.488, 0.241]",0.328,"[0.358, 0.343, 0.508]",0.403,0,0
3/23/2022 13:50,3/23/2022 13:54,IP Address,100,220,TRUE,3/23/2022 13:54,R_2XpNPRpnMiM8fiQ,39.20410156,-84.39679718,anonymous,EN,Yes,4,2,0,Yes,Spotify,0,Pop,0,0,0,0,0,0,0,0,0,0,0,Yes,4,0,0,Yes,2,Yes,2,0,0,0,0,0,0,0,0,0,0,0,0,0,0,0,0,0,0,0,0,0,0,4,Song 1,Song 3,0,Mobile device,0,No,Pooping,0,0,0,0,0,1,0,1,1,0,0,0,0,0,0,0,0,0,0,0,1,0,0,"['HV6', 'HV8', 'HV9']","[0.976, 0.967, 0.894]",0.945666667,"['melodic', 'dance', 'viral', 'slap', 'trap', 'latin', 'house', 'rap', 'post-teen', 'pop']",Pop,['pop'],1,"[0.00266, 0.125, 0.0149]",0.04752,"[0.712, 0.858, 0.785]",0.785,"[0.922, 0.947, 0.721]",0.863333333,0,0
3/23/2022 20:37,3/23/2022 20:41,IP Address,100,204,TRUE,3/23/2022 20:41,R_1LIrak9a1SWXWZV,34.02400208,-118.1965027,anonymous,EN,Yes,4,25,4,Yes,Spotify,0,Pop,0,Yes,8,0,0,0,0,Yes,5,Yes,2,0,0,0,0,0,0,0,0,0,0,0,0,0,0,0,0,0,0,0,0,0,0,0,0,0,0,0,0,0,0,3,Song 2,Song 1,0,Car Audio,0,Yes,Nothing,1,0,0,1,1,0,0,0,0,0,0,0,0,0,0,0,0,0,0,0,1,0,-1,"['HV1', 'HV4', 'HV5']","[0.837, 0.972, 0.972]",0.927,"['dance', 'group', 'toronto', 'urban', 'canadian', 'r&b', 'girl', 'hip', 'contemporary', 'rap', 'post-teen', 'pop', 'hop']",Pop,['pop'],1,"[0.321, 0.0496, 0.056]",0.1422,"[0.834, 0.867, 0.77]",0.823666667,"[0.454, 0.854, 0.779]",0.695666667,0,0
3/23/2022 22:19,3/23/2022 22:27,IP Address,100,499,TRUE,3/23/2022 22:27,R_O9I1g4NmMVD4n3H,47.72290039,-122.1960983,anonymous,EN,Yes,4,7,1,Yes,Spotify,0,Pop,0,0,0,0,0,0,0,0,0,0,0,0,0,0,0,0,0,0,0,0,0,Yes,1,0,0,Yes,1,0,0,0,0,0,0,0,0,Yes,1,0,0,0,0,4,Song 1,Song 2,0,Computer,0,No,sitting down at my desk,0,0,0,0,0,0,0,0,0,0,1,0,1,0,0,0,0,1,0,0,0,1,0,"['LV1', 'LV3', 'LV8']","[0.241, 0.192, 0.0399]",0.157633333,"['melodic', 'dance', 'urban', 'trap', 'punk', 'r&b', 'hip', 'contemporary', 'rock', 'rap', 'pop', 'hop', 'emo', 'vapor', 'modern']",Pop,['pop'],0,"[0.00311, 0.0286, 0.114]",0.04857,"[0.379, 0.202, 0.638]",0.406333333,"[0.608, 0.886, 0.6]",0.698,0,0
3/24/2022 6:56,3/24/2022 6:59,IP Address,100,205,TRUE,3/24/2022 6:59,R_12fiwlD8oNLPSFw,28.63439941,-81.62210083,anonymous,EN,Yes,5,8,1,Yes,"Internet Radio (ex.SiriusXM, Pandora)",0,Other,Gospel,0,0,0,0,0,0,0,0,0,0,0,0,0,0,0,0,0,0,0,0,0,0,0,0,0,0,Yes,3,Yes,3,0,0,Yes,2,0,0,0,0,0,0,5,Song 1,Song 2,2,Car Audio,0,No,Driving,0,0,0,0,0,0,0,0,0,0,0,0,0,1,1,0,1,0,0,0,0,1,0,"['LV4', 'LV5', 'LV7']","[0.0499, 0.0797, 0.0406]",0.056733333,"['alternative', 'worship', 'dance', 'urban', 'southern', 'trap', 'ccm', 'r&b', 'hip', 'rock', 'contemporary', 'pop', 'hop', 'music', 'christian']",Gospel,['gospel'],1,"[0.216, 0.682, 0.014]",0.304,"[0.75, 0.494, 0.723]",0.655666667,"[0.404, 0.632, 0.322]",0.452666667,1,1
3/24/2022 7:13,3/24/2022 7:17,IP Address,100,239,TRUE,3/24/2022 7:17,R_W7Gb6tPuMyFtirT,38.55690002,-121.3627014,anonymous,EN,Yes,4,12,0,Yes,Spotify,0,Rock,0,0,0,Yes,2,0,0,Yes,2,0,0,0,0,0,0,0,0,0,0,Yes,2,0,0,0,0,0,0,0,0,0,0,0,0,0,0,0,0,0,0,0,0,4,Song 2,Song 3,2,Mobile device,0,No,"Just listening, nothing else",0,1,0,1,0,0,0,0,0,1,0,0,0,0,0,0,0,0,0,0,1,0,0,"['HV2', 'HV4', 'HV10']","[0.97, 0.972, 0.967]",0.969666667,"['alternative', 'metal', 'mellow', 'funk', 'hip', 'contemporary', 'pop', 'dance', 'punk', 'girl', 'rock', 'post-teen', 'post-grunge', 'urban', 'neo', 'nu', 'group', 'rap', 'comic']",Rock,['rock'],0,"[0.00397, 0.0496, 0.0814]",0.04499,"[0.831, 0.867, 0.728]",0.808666667,"[0.735, 0.854, 0.94]",0.843,1,1
3/24/2022 7:32,3/24/2022 7:41,IP Address,100,532,TRUE,3/24/2022 7:41,R_30eHrfveigobu6v,38.95219421,-77.02529907,anonymous,EN,Yes,3,5,0,Yes,Spotify,0,Other,bluegrass,Yes,1,0,0,0,0,0,0,0,0,0,0,0,0,Yes,1,Yes,2,0,0,0,0,0,0,0,0,0,0,0,0,0,0,0,0,0,0,0,0,0,0,3,Song 3,Song 1,2,Headphones,0,No,waiting for code to execute,1,0,0,0,0,0,0,1,1,0,0,0,0,0,0,0,0,0,0,0,1,0,0,"['HV1', 'HV8', 'HV9']","[0.837, 0.967, 0.894]",0.899333333,"['melodic', 'toronto', 'slap', 'trap', 'latin', 'canadian', 'hip', 'house', 'rap', 'pop', 'hop']",bluegrass,['bluegrass'],1,"[0.321, 0.125, 0.0149]",0.153633333,"[0.834, 0.858, 0.785]",0.825666667,"[0.454, 0.947, 0.721]",0.707333333,1,1
3/24/2022 8:01,3/24/2022 8:05,IP Address,100,212,TRUE,3/24/2022 8:05,R_2c5gzdNxT4JsVAB,40.73590088,-73.99040222,anonymous,EN,Yes,4,20,0,Yes,Spotify,0,Pop,0,0,0,0,0,Yes,5,0,0,Yes,5,0,0,Yes,6,0,0,0,0,0,0,0,0,0,0,0,0,0,0,0,0,0,0,0,0,0,0,0,0,0,0,3,Song 3,Song 1,0,Mobile device,0,No,Nothing,0,0,1,0,1,0,1,0,0,0,0,0,0,0,0,0,0,0,0,0,1,0,-1,"['HV3', 'HV5', 'HV7']","[0.961, 0.972, 0.965]",0.966,"['dance', 'urban', 'tropical', 'uk', 'mellow', 'r&b', 'neo', 'hip', 'contemporary', 'rock', 'house', 'post-teen', 'pop', 'talent', 'show']",Pop,['pop'],1,"[0.00887, 0.056, 0.015]",0.026623333,"[0.852, 0.77, 0.762]",0.794666667,"[0.896, 0.779, 0.863]",0.846,0,0
3/24/2022 8:59,3/24/2022 9:04,IP Address,100,276,TRUE,3/24/2022 9:04,R_2ZNCoseCn4oyD1V,40.67999268,-73.44249725,anonymous,EN,Yes,3,5,0,Yes,Amazon Music,0,Pop,0,Yes,7,0,0,0,0,0,0,0,0,Yes,2,0,0,0,0,0,0,Yes,10,0,0,0,0,0,0,0,0,0,0,0,0,0,0,0,0,0,0,0,0,4,Song 3,Song 2,2,Mobile device,0,Yes,Lying in bed,1,0,0,0,0,1,0,0,0,1,0,0,0,0,0,0,0,0,0,0,1,0,1,"['HV1', 'HV6', 'HV10']","[0.837, 0.976, 0.967]",0.926666667,"['alternative', 'dance', 'toronto', 'viral', 'canadian', 'mellow', 'neo', 'hip', 'rock', 'rap', 'post-teen', 'pop', 'hop', 'post-grunge']",Pop,['pop'],1,"[0.321, 0.00266, 0.0814]",0.13502,"[0.834, 0.712, 0.728]",0.758,"[0.454, 0.922, 0.94]",0.772,1,1
3/24/2022 9:05,3/24/2022 9:10,IP Address,100,286,TRUE,3/24/2022 9:10,R_3HTuCTAAnKcE13q,38.61419678,-90.29100037,anonymous,EN,Yes,2,2,0,Yes,Other,YouTube Music,Pop,0,0,0,0,0,0,0,0,0,0,0,0,0,0,0,0,0,0,0,0,0,0,0,Yes,2,0,0,0,0,0,0,Yes,1,0,0,0,0,0,0,Yes,1,3,Song 2,Song 1,1,Headphones,0,Yes,Nothing else,0,0,0,0,0,0,0,0,0,0,0,1,0,0,0,1,0,0,0,1,0,1,1,"['LV2', 'LV6', 'LV10']","[0.0365, 0.296, 0.0445]",0.125666667,"['alternative', 'metal', 'grunge', 'permanent', 'rock', 'wave', 'post-teen', 'pop', 'glee', 'hollywood', 'club']",Pop,['pop'],0,"[0.31, 0.00721, 0.0362]",0.117803333,"[0.255, 0.331, 0.241]",0.275666667,"[0.358, 0.943, 0.508]",0.603,1,0
3/24/2022 9:19,3/24/2022 9:25,IP Address,100,353,TRUE,3/24/2022 9:25,R_2DSNMUSOXGlIs1p,39.98100281,-75.16989899,anonymous,EN,Yes,4,30,1,Yes,Other,Pandora,Jazz,0,0,0,0,0,0,0,0,0,Yes,3,Yes,3,0,0,0,0,Yes,2,0,0,0,0,0,0,0,0,0,0,0,0,0,0,0,0,0,0,0,0,0,0,4,Song 1,Song 3,0,Speakers,0,No,Relaxing on train ,0,0,0,0,1,1,0,0,1,0,0,0,0,0,0,0,0,0,0,0,1,0,0,"['HV5', 'HV6', 'HV9']","[0.972, 0.976, 0.894]",0.947333333,"['melodic', 'dance', 'urban', 'viral', 'slap', 'trap', 'r&b', 'hip', 'contemporary', 'rap', 'house', 'post-teen', 'pop']",Jazz,['jazz'],0,"[0.056, 0.00266, 0.0149]",0.02452,"[0.77, 0.712, 0.785]",0.755666667,"[0.779, 0.922, 0.721]",0.807333333,0,0
3/24/2022 9:26,3/24/2022 9:28,IP Address,100,107,TRUE,3/24/2022 9:28,R_p6IGLA2bblBvwgp,39.98100281,-75.16989899,anonymous,EN,Yes,4,30,1,Yes,Other,Pandora,Jazz,0,0,0,0,0,0,0,Yes,3,0,0,0,0,Yes,1,Yes,1,0,0,0,0,0,0,0,0,0,0,0,0,0,0,0,0,0,0,0,0,0,0,0,0,4,Song 2,Song 1,0,Mobile device,0,No,On train ,0,0,0,1,0,0,1,1,0,0,0,0,0,0,0,0,0,0,0,0,1,0,0,"['HV4', 'HV7', 'HV8']","[0.972, 0.965, 0.967]",0.968,"['dance', 'group', 'urban', 'tropical', 'uk', 'latin', 'mellow', 'neo', 'girl', 'hip', 'contemporary', 'rock', 'house', 'post-teen', 'pop', 'talent', 'show']",Jazz,['jazz'],1,"[0.0496, 0.015, 0.125]",0.0632,"[0.867, 0.762, 0.858]",0.829,"[0.854, 0.863, 0.947]",0.888,0,0
3/24/2022 9:39,3/24/2022 9:48,IP Address,100,504,TRUE,3/24/2022 9:48,R_TpA6MO4q4EIuu8V,47.58709717,-122.0388031,anonymous,EN,Yes,2,6,0,Yes,"Internet Radio (ex.SiriusXM, Pandora)",0,Other,Alternative Rock,0,0,Yes,2,Yes,1,0,0,0,0,Yes,2,0,0,0,0,0,0,0,0,0,0,0,0,0,0,0,0,0,0,0,0,0,0,0,0,0,0,0,0,3,Song 1,Song 3,0,Mobile device,0,No,Sitting down in a room,0,1,1,0,0,1,0,0,0,0,0,0,0,0,0,0,0,0,0,0,1,0,1,"['HV2', 'HV3', 'HV6']","[0.97, 0.961, 0.976]",0.969,"['alternative', 'metal', 'dance', 'viral', 'punk', 'funk', 'rock', 'rap', 'post-teen', 'pop', 'comic', 'nu']",Alternative Rock,"['alternative', 'rock']",1,"[0.00397, 0.00887, 0.00266]",0.005166667,"[0.831, 0.852, 0.712]",0.798333333,"[0.735, 0.896, 0.922]",0.851,0,0
3/24/2022 9:42,3/24/2022 9:48,IP Address,100,350,TRUE,3/24/2022 9:48,R_uazRAs9HE0DufSx,37.81069946,-122.2478943,anonymous,EN,Yes,4,5,0,Yes,Amazon Music,0,Rap / Hip Hop,0,0,0,No,1,No,1,No,2,0,0,0,0,0,0,0,0,0,0,0,0,0,0,0,0,0,0,0,0,0,0,0,0,0,0,0,0,0,0,0,0,3,Song 1,Song 3,0,Headphones,0,No,Thinking what is this song.,0,1,1,1,0,0,0,0,0,0,0,0,0,0,0,0,0,0,0,0,1,0,-1,"['HV2', 'HV3', 'HV4']","[0.97, 0.961, 0.972]",0.967666667,"['alternative', 'metal', 'dance', 'group', 'urban', 'punk', 'funk', 'girl', 'hip', 'rock', 'rap', 'contemporary', 'post-teen', 'pop', 'comic', 'nu']",Rap / Hip Hop,"['rap', 'hip', 'hop']",0,"[0.00397, 0.00887, 0.0496]",0.020813333,"[0.831, 0.852, 0.867]",0.85,"[0.735, 0.896, 0.854]",0.828333333,0,0
3/24/2022 9:36,3/24/2022 9:49,IP Address,100,734,TRUE,3/24/2022 9:49,R_9ZSo2dzS0dFgl6V,38.76789856,-77.45339966,anonymous,EN,Yes,4,8,1,Yes,"Internet Radio (ex.SiriusXM, Pandora)",0,Classical,0,0,0,0,0,0,0,0,0,Yes,2,0,0,0,0,Yes,3,Yes,2,0,0,0,0,0,0,0,0,0,0,0,0,0,0,0,0,0,0,0,0,0,0,5,Song 1,Song 3,0,Computer,0,Yes,Working ,0,0,0,0,1,0,0,1,1,0,0,0,0,0,0,0,0,0,0,0,1,0,1,"['HV5', 'HV8', 'HV9']","[0.972, 0.967, 0.894]",0.944333333,"['melodic', 'dance', 'urban', 'slap', 'trap', 'latin', 'r&b', 'hip', 'contemporary', 'rap', 'house', 'pop']",Classical,['classical'],0,"[0.056, 0.125, 0.0149]",0.0653,"[0.77, 0.858, 0.785]",0.804333333,"[0.779, 0.947, 0.721]",0.815666667,0,0
3/24/2022 10:19,3/24/2022 10:24,IP Address,100,278,TRUE,3/24/2022 10:24,R_1MX2kqkWAo5c38O,37.37730408,-122.0194016,anonymous,EN,Yes,4,5,0,Yes,"Internet Radio (ex.SiriusXM, Pandora)",0,Other,0,0,0,0,0,0,0,0,0,0,0,0,0,0,0,0,0,0,0,0,0,Yes,1,0,0,Yes,1,Yes,1,0,0,0,0,0,0,0,0,0,0,0,0,4,Song 3,Song 2,0,Computer,0,No,Looking at Monday board,0,0,0,0,0,0,0,0,0,0,1,0,1,1,0,0,0,0,0,0,0,1,0,"['LV1', 'LV3', 'LV4']","[0.241, 0.192, 0.0499]",0.160966667,"['dance', 'urban', 'punk', 'r&b', 'contemporary', 'rock', 'pop', 'emo', 'modern']",0,['0'],0,"[0.00311, 0.0286, 0.216]",0.08257,"[0.379, 0.202, 0.75]",0.443666667,"[0.608, 0.886, 0.404]",0.632666667,0,0
3/24/2022 11:01,3/24/2022 11:06,IP Address,100,252,TRUE,3/24/2022 11:06,R_3P7ajpwt9bpFouc,47.57409668,-122.3974991,anonymous,EN,Yes,3,10,1,Yes,Other,streaming from station,Punk,0,0,0,0,0,0,0,0,0,0,0,0,0,0,0,0,0,0,0,0,0,0,0,0,0,0,0,0,0,Yes,1,0,0,0,0,Yes,1,0,0,Yes,1,3,Song 2,Song 1,0,Computer,0,No,nothing,0,0,0,0,0,0,0,0,0,0,0,0,0,0,1,0,0,1,0,1,0,1,0,"['LV5', 'LV8', 'LV10']","[0.0797, 0.0399, 0.0445]",0.0547,"['alternative', 'grunge', 'melodic', 'worship', 'trap', 'ccm', 'r&b', 'permanent', 'hip', 'rock', 'rap', 'wave', 'pop', 'hop', 'vapor', 'music', 'christian']",Punk,['punk'],1,"[0.682, 0.114, 0.0362]",0.2774,"[0.494, 0.638, 0.241]",0.457666667,"[0.632, 0.6, 0.508]",0.58,0,0
3/24/2022 11:13,3/24/2022 11:17,IP Address,100,265,TRUE,3/24/2022 11:17,R_1GVaYlULpdiw5P5,33.62060547,-117.0867004,anonymous,EN,Yes,4,10,0,Yes,Other,My hard drive,Pop,0,0,0,0,0,0,0,0,0,0,0,0,0,Yes,1,0,0,Yes,1,Yes,1,0,0,0,0,0,0,0,0,0,0,0,0,0,0,0,0,0,0,0,0,4,Song 1,Song 2,0,Speakers,0,No,Waiting for the song to be over,0,0,0,0,0,0,1,0,1,1,0,0,0,0,0,0,0,0,0,0,1,0,0,"['HV7', 'HV9', 'HV10']","[0.965, 0.894, 0.967]",0.942,"['alternative', 'melodic', 'dance', 'tropical', 'uk', 'slap', 'trap', 'mellow', 'neo', 'house', 'rock', 'rap', 'post-teen', 'pop', 'talent', 'post-grunge', 'show']",Pop,['pop'],1,"[0.015, 0.0149, 0.0814]",0.0371,"[0.762, 0.785, 0.728]",0.758333333,"[0.863, 0.721, 0.94]",0.841333333,0,0
3/24/2022 12:16,3/24/2022 12:22,IP Address,100,355,TRUE,3/24/2022 12:22,R_1T6zvwSnT5CcPND,32.86849976,-97.28630066,anonymous,EN,Yes,3,4,20,Yes,Other,youtube,Rock,0,0,0,0,0,0,0,0,0,0,0,0,0,0,0,0,0,0,0,0,0,0,0,Yes,1,0,0,0,0,Yes,1,0,0,0,0,0,0,Yes,1,0,0,3,Song 1,Song 3,2,Mobile device,0,No,working,0,0,0,0,0,0,0,0,0,0,0,1,0,0,1,0,0,0,1,0,0,1,0,"['LV2', 'LV5', 'LV9']","[0.0365, 0.0797, 0.0978]",0.071333333,"['alternative', 'worship', 'dance', 'ccm', 'music', 'rock', 'post-teen', 'pop', 'glee', 'hollywood', 'club', 'christian']",Rock,['rock'],0,"[0.31, 0.682, 0.556]",0.516,"[0.255, 0.494, 0.488]",0.412333333,"[0.358, 0.632, 0.343]",0.444333333,1,1
3/24/2022 12:30,3/24/2022 12:34,IP Address,100,204,TRUE,3/24/2022 12:34,R_2R4fjeQmKKxW3aG,33.03909302,-97.07640076,anonymous,EN,Yes,2,1,0,Yes,Apple Music,0,Classical,0,Yes,1,Yes,1,Yes,1,0,0,0,0,0,0,0,0,0,0,0,0,0,0,0,0,0,0,0,0,0,0,0,0,0,0,0,0,0,0,0,0,0,0,2,Song 3,Song 1,1,Speakers,0,No,Working,1,1,1,0,0,0,0,0,0,0,0,0,0,0,0,0,0,0,0,0,1,0,0,"['HV1', 'HV2', 'HV3']","[0.837, 0.97, 0.961]",0.922666667,"['alternative', 'metal', 'dance', 'toronto', 'punk', 'canadian', 'funk', 'hip', 'rock', 'rap', 'post-teen', 'pop', 'hop', 'comic', 'nu']",Classical,['classical'],0,"[0.321, 0.00397, 0.00887]",0.11128,"[0.834, 0.831, 0.852]",0.839,"[0.454, 0.735, 0.896]",0.695,1,0
3/24/2022 21:38,3/24/2022 21:45,IP Address,100,417,TRUE,3/24/2022 21:45,R_3dYAoXUd4sJqdgH,32.33659363,-111.1771011,anonymous,EN,Yes,4,3,1,Yes,Spotify,0,Other,Alternative/indie,0,0,0,0,0,0,Yes,1,Yes,1,0,0,0,0,Yes,1,0,0,0,0,0,0,0,0,0,0,0,0,0,0,0,0,0,0,0,0,0,0,0,0,4,Song 2,Song 1,0,Computer,0,No,Talking with my wife,0,0,0,1,1,0,0,1,0,0,0,0,0,0,0,0,0,0,0,0,1,0,0,"['HV4', 'HV5', 'HV8']","[0.972, 0.972, 0.967]",0.970333333,"['dance', 'group', 'urban', 'latin', 'r&b', 'girl', 'hip', 'contemporary', 'post-teen', 'pop']",Alternative/indie,"['alternative', 'indie']",0,"[0.0496, 0.056, 0.125]",0.076866667,"[0.867, 0.77, 0.858]",0.831666667,"[0.854, 0.779, 0.947]",0.86,0,0
3/25/2022 1:10,3/25/2022 1:13,IP Address,100,192,TRUE,3/25/2022 1:13,R_bKrOeaFIHssYSad,40.45509338,-74.48709869,anonymous,EN,Yes,5,50,6,Yes,Spotify,0,Latin,0,0,0,Yes,1,Yes,2,0,0,0,0,Yes,1,0,0,0,0,0,0,0,0,0,0,0,0,0,0,0,0,0,0,0,0,0,0,0,0,0,0,0,0,4,Song 1,Song 3,2,Headphones,0,No,Working,0,1,1,0,0,1,0,0,0,0,0,0,0,0,0,0,0,0,0,0,1,0,-1,"['HV2', 'HV3', 'HV6']","[0.97, 0.961, 0.976]",0.969,"['alternative', 'metal', 'dance', 'viral', 'punk', 'funk', 'rock', 'rap', 'post-teen', 'pop', 'comic', 'nu']",Latin,['latin'],0,"[0.00397, 0.00887, 0.00266]",0.005166667,"[0.831, 0.852, 0.712]",0.798333333,"[0.735, 0.896, 0.922]",0.851,1,1
3/25/2022 6:50,3/25/2022 6:56,IP Address,100,348,TRUE,3/25/2022 6:56,R_3lYw787uxGduyHY,34.18510437,-118.7705994,anonymous,EN,Yes,4,30,0,Yes,Spotify,0,Other,Electronic,Yes,7,0,0,0,0,0,0,0,0,Yes,6,0,0,0,0,Yes,1,0,0,0,0,0,0,0,0,0,0,0,0,0,0,0,0,0,0,0,0,0,0,4,Song 2,Song 1,1,Headphones,0,No,Sitting at desk,1,0,0,0,0,1,0,0,1,0,0,0,0,0,0,0,0,0,0,0,1,0,0,"['HV1', 'HV6', 'HV9']","[0.837, 0.976, 0.894]",0.902333333,"['melodic', 'dance', 'toronto', 'viral', 'slap', 'trap', 'canadian', 'hip', 'house', 'rap', 'post-teen', 'pop', 'hop']",Electronic,['electronic'],0,"[0.321, 0.00266, 0.0149]",0.112853333,"[0.834, 0.712, 0.785]",0.777,"[0.454, 0.922, 0.721]",0.699,1,0
3/25/2022 8:38,3/25/2022 8:42,IP Address,100,254,TRUE,3/25/2022 8:42,R_2rTUAy7nBs52dKS,42.47479248,-71.44989777,anonymous,EN,Yes,4,3,1,Yes,Apple Music,0,Country,0,0,0,0,0,0,0,Yes,1,Yes,1,0,0,0,0,Yes,1,0,0,0,0,0,0,0,0,0,0,0,0,0,0,0,0,0,0,0,0,0,0,0,0,4,Song 2,Song 1,1,Computer,0,No,watching the screen,0,0,0,1,1,0,0,1,0,0,0,0,0,0,0,0,0,0,0,0,1,0,0,"['HV4', 'HV5', 'HV8']","[0.972, 0.972, 0.967]",0.970333333,"['dance', 'group', 'urban', 'latin', 'r&b', 'girl', 'hip', 'contemporary', 'post-teen', 'pop']",Country,['country'],1,"[0.0496, 0.056, 0.125]",0.076866667,"[0.867, 0.77, 0.858]",0.831666667,"[0.854, 0.779, 0.947]",0.86,1,0
3/25/2022 11:27,3/25/2022 11:33,IP Address,100,324,TRUE,3/25/2022 11:33,R_3lGDquFKhfyMzzg,40.38760376,-74.39029694,anonymous,EN,Yes,4,4,1,Yes,Other,Streaming,Rock,0,Yes,2,0,0,0,0,0,0,0,0,0,0,Yes,1,0,0,0,0,Yes,1,0,0,0,0,0,0,0,0,0,0,0,0,0,0,0,0,0,0,0,0,4,Song 2,Song 3,0,Car Audio,0,No,sitting,1,0,0,0,0,0,1,0,0,1,0,0,0,0,0,0,0,0,0,0,1,0,0,"['HV1', 'HV7', 'HV10']","[0.837, 0.965, 0.967]",0.923,"['alternative', 'dance', 'toronto', 'tropical', 'uk', 'canadian', 'mellow', 'neo', 'hip', 'rock', 'rap', 'house', 'post-teen', 'pop', 'hop', 'talent', 'post-grunge', 'show']",Rock,['rock'],1,"[0.321, 0.015, 0.0814]",0.139133333,"[0.834, 0.762, 0.728]",0.774666667,"[0.454, 0.863, 0.94]",0.752333333,0,0
3/25/2022 22:57,3/25/2022 23:01,IP Address,100,212,TRUE,3/25/2022 23:01,R_3ehrlYIH1yA1FbF,33.82060242,-118.0339966,anonymous,EN,Yes,4,8,2,Yes,Spotify,0,Pop,0,0,0,0,0,0,0,0,0,0,0,0,0,0,0,0,0,0,0,0,0,0,0,Yes,1,Yes,1,0,0,0,0,0,0,0,0,Yes,1,0,0,0,0,4,Song 2,Song 3,0,Computer,0,No,Scrolling down to see next questions,0,0,0,0,0,0,0,0,0,0,0,1,1,0,0,0,0,1,0,0,0,1,0,"['LV2', 'LV3', 'LV8']","[0.0365, 0.192, 0.0399]",0.089466667,"['melodic', 'trap', 'modern', 'punk', 'r&b', 'hip', 'rock', 'rap', 'post-teen', 'pop', 'hop', 'emo', 'glee', 'vapor', 'hollywood', 'club']",Pop,['pop'],1,"[0.31, 0.0286, 0.114]",0.150866667,"[0.255, 0.202, 0.638]",0.365,"[0.358, 0.886, 0.6]",0.614666667,0,0
3/28/2022 10:52,3/28/2022 10:56,IP Address,100,232,TRUE,3/28/2022 10:56,R_241V8IpQUd58WKe,20.61759949,-105.2331009,anonymous,EN,Yes,4,15,2,Yes,Other,relisten,Rock,0,0,0,0,0,0,0,Yes,1,0,0,0,0,Yes,1,Yes,1,0,0,0,0,0,0,0,0,0,0,0,0,0,0,0,0,0,0,0,0,0,0,0,0,3,Song 2,Song 1,0,Computer,0,No,sitting on my computer,0,0,0,1,0,0,1,1,0,0,0,0,0,0,0,0,0,0,0,0,1,0,-1,"['HV4', 'HV7', 'HV8']","[0.972, 0.965, 0.967]",0.968,"['dance', 'group', 'urban', 'tropical', 'uk', 'latin', 'mellow', 'neo', 'girl', 'hip', 'contemporary', 'rock', 'house', 'post-teen', 'pop', 'talent', 'show']",Rock,['rock'],0,"[0.0496, 0.015, 0.125]",0.0632,"[0.867, 0.762, 0.858]",0.829,"[0.854, 0.863, 0.947]",0.888,0,0
3/21/2022 18:30,3/21/2022 18:40,IP Address,87,597,TRUE,3/28/2022 18:40,R_3nuZfvb3IgLJsNQ,0,0,anonymous,EN,0,5,15,3,Yes,Other,YouTube ,Rap / Hip Hop,0,0,0,0,0,0,0,0,0,0,0,0,0,0,0,0,0,0,0,0,0,0,0,0,0,0,0,0,0,0,0,0,0,0,0,0,0,0,0,0,0,0,0,0,0,0,0,0,0,0,0,0,0,0,0,0,0,0,0,1,0,0,1,0,0,0,0,1,0,0,1,-5,"['LV1', 'LV4', 'LV9']","[0.241, 0.0499, 0.0978]",0.129566667,"['dance', 'urban', 'r&b', 'contemporary', 'post-teen', 'pop']",Rap / Hip Hop,"['rap', 'hip', 'hop']",1,"[0.00311, 0.216, 0.556]",0.25837,"[0.379, 0.75, 0.488]",0.539,"[0.608, 0.404, 0.343]",0.451666667,0,0
3/30/2022 12:39,3/30/2022 12:44,IP Address,100,269,TRUE,3/30/2022 12:44,R_1owo8luAmW1NlSw,37.70449829,-122.0742035,anonymous,EN,Yes,4,4,0,Yes,Spotify,0,Pop,0,0,0,0,0,0,0,0,0,0,0,0,0,0,0,0,0,0,0,0,0,Yes,6,0,0,0,0,0,0,0,0,Yes,2,0,0,0,0,0,0,Yes,3,4,Song 2,Song 1,0,Mobile device,0,No,Eating,0,0,0,0,0,0,0,0,0,0,1,0,0,0,0,1,0,0,0,1,0,1,0,"['LV1', 'LV6', 'LV10']","[0.241, 0.296, 0.0445]",0.193833333,"['alternative', 'metal', 'grunge', 'dance', 'urban', 'r&b', 'permanent', 'contemporary', 'wave', 'rock', 'pop']",Pop,['pop'],0,"[0.00311, 0.00721, 0.0362]",0.015506667,"[0.379, 0.331, 0.241]",0.317,"[0.608, 0.943, 0.508]",0.686333333,0,0
3/31/2022 13:10,3/31/2022 13:16,IP Address,100,389,TRUE,3/31/2022 13:16,R_302AgHthGucX777,41.8874054,-87.63179779,anonymous,EN,Yes,5,15,1,Yes,Amazon Music,0,Country,0,0,0,0,0,0,0,0,0,Yes,1,Yes,1,0,0,0,0,Yes,1,0,0,0,0,0,0,0,0,0,0,0,0,0,0,0,0,0,0,0,0,0,0,5,Song 3,Song 2,0,Headphones,0,No,Working,0,0,0,0,1,1,0,0,1,0,0,0,0,0,0,0,0,0,0,0,1,0,0,"['HV5', 'HV6', 'HV9']","[0.972, 0.976, 0.894]",0.947333333,"['melodic', 'dance', 'urban', 'viral', 'slap', 'trap', 'r&b', 'hip', 'contemporary', 'rap', 'house', 'post-teen', 'pop']",Country,['country'],0,"[0.056, 0.00266, 0.0149]",0.02452,"[0.77, 0.712, 0.785]",0.755666667,"[0.779, 0.922, 0.721]",0.807333333,0,0
4/4/2022 11:32,4/4/2022 11:36,IP Address,100,279,TRUE,4/4/2022 11:36,R_23VIUA0jsoBCQ3K,41.8874054,-87.63179779,anonymous,EN,Yes,4,2,0,Yes,Other,Pandora,Other,varies ,0,0,Yes,1,Yes,1,0,0,0,0,0,0,0,0,0,0,0,0,Yes,1,0,0,0,0,0,0,0,0,0,0,0,0,0,0,0,0,0,0,0,0,5,Song 1,Song 2,2,Computer,0,Yes,hanging out at my desk,0,1,1,0,0,0,0,0,0,1,0,0,0,0,0,0,0,0,0,0,1,0,1,"['HV2', 'HV3', 'HV10']","[0.97, 0.961, 0.967]",0.966,"['alternative', 'metal', 'dance', 'punk', 'mellow', 'funk', 'neo', 'rock', 'rap', 'post-teen', 'pop', 'comic', 'nu', 'post-grunge']",varies ,['varies'],0,"[0.00397, 0.00887, 0.0814]",0.031413333,"[0.831, 0.852, 0.728]",0.803666667,"[0.735, 0.896, 0.94]",0.857,1,1
